-- Datable Playground サンプルデータ (自動生成: data/gen_seed.mjs)
-- 共通サンプルドメイン: EC事業の生データ
PRAGMA foreign_keys = OFF;

CREATE TABLE customers (
  customer_id INTEGER PRIMARY KEY,
  name        TEXT,
  country     TEXT,
  signup_date TEXT
);
CREATE TABLE products (
  product_id INTEGER PRIMARY KEY,
  name       TEXT,
  category   TEXT,
  price      REAL
);
CREATE TABLE orders (
  order_id    INTEGER PRIMARY KEY,
  customer_id INTEGER,
  order_date  TEXT,
  status      TEXT
);
CREATE TABLE order_items (
  order_item_id INTEGER PRIMARY KEY,
  order_id      INTEGER,
  product_id    INTEGER,
  quantity      INTEGER,
  unit_price    REAL
);
CREATE TABLE events (
  event_id    INTEGER PRIMARY KEY,
  customer_id INTEGER,
  event_type  TEXT,
  event_time  TEXT
);

INSERT INTO customers (customer_id, name, country, signup_date) VALUES
  (1, 'Riku X.', 'IN', '2024-11-24'),
  (2, 'Hina U.', 'IN', '2024-11-06'),
  (3, 'Lucas L.', 'JP', '2024-02-26'),
  (4, 'Mia J.', 'US', '2024-02-16'),
  (5, 'Olivia J.', 'JP', '2024-05-04'),
  (6, 'Sara X.', 'DE', '2024-09-22'),
  (7, 'Mia I.', 'IN', '2024-07-01'),
  (8, 'Sara W.', 'JP', '2024-01-26'),
  (9, 'Ava V.', 'DE', '2024-03-26'),
  (10, 'Liam V.', 'JP', '2024-02-28'),
  (11, 'Riku B.', 'JP', '2024-07-21'),
  (12, 'Liam Z.', 'BR', '2024-03-15'),
  (13, 'Max F.', 'DE', '2024-09-10'),
  (14, 'Mei Y.', 'BR', '2024-07-10'),
  (15, 'Ren J.', 'IN', '2024-04-25'),
  (16, 'Olivia G.', 'JP', '2024-08-10'),
  (17, 'Noah X.', 'FR', '2024-07-14'),
  (18, 'Hina E.', 'GB', '2024-03-09'),
  (19, 'Sota R.', 'FR', '2024-03-06'),
  (20, 'Ava W.', 'FR', '2024-10-19'),
  (21, 'Yui I.', 'US', '2024-04-12'),
  (22, 'Kai Z.', 'JP', '2024-10-06'),
  (23, 'Max W.', 'GB', '2024-05-26'),
  (24, 'Aoi S.', 'US', '2024-08-23'),
  (25, 'Riku F.', 'BR', '2024-03-10'),
  (26, 'Emma W.', 'US', '2024-04-21'),
  (27, 'Liam W.', 'FR', '2024-07-11'),
  (28, 'Noah J.', 'BR', '2024-07-14'),
  (29, 'Mia E.', 'US', '2024-01-15'),
  (30, 'Zoe W.', 'IN', '2024-07-05'),
  (31, 'Leo D.', 'JP', '2024-08-02'),
  (32, 'Riku U.', 'JP', '2024-10-05'),
  (33, 'Emma Z.', 'DE', '2024-03-11'),
  (34, 'Mei W.', 'GB', '2024-07-15'),
  (35, 'Ava D.', 'FR', '2024-09-06'),
  (36, 'Mei E.', 'FR', '2024-04-07'),
  (37, 'Aoi A.', 'JP', '2024-05-22'),
  (38, 'Ava P.', 'US', '2024-11-20'),
  (39, 'Haruto H.', 'DE', '2024-05-06'),
  (40, 'Sota T.', 'US', '2024-01-15');

INSERT INTO products (product_id, name, category, price) VALUES
  (1, 'Wireless Earbuds', 'Electronics', 189.99),
  (2, 'USB-C Charger', 'Electronics', 103.99),
  (3, 'Mechanical Keyboard', 'Electronics', 115.99),
  (4, '4K Webcam', 'Electronics', 78.99),
  (5, 'Portable SSD', 'Electronics', 121.99),
  (6, 'Data Modeling 101', 'Books', 127.99),
  (7, 'SQL Cookbook', 'Books', 56.99),
  (8, 'The Data Warehouse', 'Books', 196.99),
  (9, 'Streaming Systems', 'Books', 81.99),
  (10, 'Clean Pipelines', 'Books', 90.99),
  (11, 'Ceramic Mug', 'Home', 63.99),
  (12, 'LED Desk Lamp', 'Home', 96.99),
  (13, 'Throw Blanket', 'Home', 161.99),
  (14, 'Spice Rack', 'Home', 32.99),
  (15, 'Building Blocks', 'Toys', 74.99),
  (16, 'Puzzle 1000pc', 'Toys', 127.99),
  (17, 'RC Car', 'Toys', 86.99),
  (18, 'Yoga Mat', 'Sports', 45.99),
  (19, 'Water Bottle', 'Sports', 14.99),
  (20, 'Resistance Bands', 'Sports', 31.99),
  (21, 'Running Socks', 'Sports', 102.99),
  (22, 'Face Serum', 'Beauty', 130.99),
  (23, 'Hand Cream', 'Beauty', 131.99),
  (24, 'Lip Balm', 'Beauty', 33.99);

INSERT INTO orders (order_id, customer_id, order_date, status) VALUES
  (1, 16, '2025-04-20', 'completed'),
  (2, 26, '2025-09-05', 'completed'),
  (3, 17, '2025-11-15', 'completed'),
  (4, 12, '2025-09-09', 'completed'),
  (5, 9, '2025-06-08', 'pending'),
  (6, 19, '2025-01-28', 'completed'),
  (7, 5, '2025-06-13', 'completed'),
  (8, 36, '2025-03-13', 'completed'),
  (9, 6, '2025-10-19', 'completed'),
  (10, 40, '2025-09-22', 'completed'),
  (11, 10, '2025-09-13', 'pending'),
  (12, 6, '2025-08-09', 'completed'),
  (13, 33, '2025-10-25', 'completed'),
  (14, 12, '2025-02-28', 'completed'),
  (15, 26, '2025-01-05', 'completed'),
  (16, 33, '2025-07-26', 'completed'),
  (17, 25, '2025-01-28', 'completed'),
  (18, 8, '2025-11-20', 'pending'),
  (19, 18, '2025-11-27', 'completed'),
  (20, 38, '2025-04-18', 'cancelled'),
  (21, 5, '2025-02-01', 'completed'),
  (22, 6, '2025-07-04', 'completed'),
  (23, 21, '2025-10-11', 'completed'),
  (24, 7, '2025-11-21', 'cancelled'),
  (25, 30, '2025-08-22', 'completed'),
  (26, 18, '2025-11-18', 'completed'),
  (27, 5, '2025-01-09', 'cancelled'),
  (28, 10, '2025-11-13', 'completed'),
  (29, 37, '2025-10-20', 'completed'),
  (30, 36, '2025-03-17', 'completed'),
  (31, 29, '2025-07-19', 'completed'),
  (32, 39, '2025-05-06', 'pending'),
  (33, 32, '2025-04-22', 'completed'),
  (34, 17, '2025-07-13', 'cancelled'),
  (35, 9, '2025-02-19', 'pending'),
  (36, 8, '2025-12-27', 'pending'),
  (37, 20, '2025-07-11', 'completed'),
  (38, 18, '2025-01-07', 'completed'),
  (39, 40, '2025-07-04', 'completed'),
  (40, 26, '2025-12-13', 'completed'),
  (41, 39, '2025-05-21', 'pending'),
  (42, 35, '2025-03-28', 'completed'),
  (43, 32, '2025-07-21', 'completed'),
  (44, 1, '2025-01-19', 'completed'),
  (45, 39, '2025-07-12', 'pending'),
  (46, 16, '2025-09-13', 'completed'),
  (47, 19, '2025-05-14', 'pending'),
  (48, 31, '2025-08-10', 'completed'),
  (49, 40, '2025-07-26', 'completed'),
  (50, 11, '2025-11-03', 'cancelled'),
  (51, 12, '2025-11-20', 'completed'),
  (52, 24, '2025-10-03', 'cancelled'),
  (53, 15, '2025-06-10', 'completed'),
  (54, 24, '2025-07-15', 'completed'),
  (55, 19, '2025-04-26', 'pending'),
  (56, 15, '2025-04-09', 'completed'),
  (57, 27, '2025-08-11', 'completed'),
  (58, 28, '2025-12-25', 'completed'),
  (59, 26, '2025-10-09', 'completed'),
  (60, 5, '2025-03-01', 'completed'),
  (61, 1, '2025-10-04', 'pending'),
  (62, 26, '2025-01-19', 'completed'),
  (63, 32, '2025-11-01', 'cancelled'),
  (64, 23, '2025-03-19', 'cancelled'),
  (65, 7, '2025-05-19', 'cancelled'),
  (66, 26, '2025-12-25', 'completed'),
  (67, 34, '2025-02-06', 'completed'),
  (68, 5, '2025-01-05', 'cancelled'),
  (69, 6, '2025-01-17', 'completed'),
  (70, 12, '2025-10-27', 'pending'),
  (71, 8, '2025-05-20', 'completed'),
  (72, 19, '2025-02-27', 'completed'),
  (73, 39, '2025-10-07', 'pending'),
  (74, 18, '2025-11-17', 'cancelled'),
  (75, 25, '2025-10-02', 'completed'),
  (76, 7, '2025-11-03', 'cancelled'),
  (77, 6, '2025-07-23', 'completed'),
  (78, 36, '2025-11-08', 'completed'),
  (79, 6, '2025-08-13', 'pending'),
  (80, 29, '2025-06-03', 'completed'),
  (81, 22, '2025-11-26', 'pending'),
  (82, 24, '2025-04-26', 'cancelled'),
  (83, 29, '2025-01-11', 'pending'),
  (84, 26, '2025-06-09', 'completed'),
  (85, 4, '2025-12-09', 'completed'),
  (86, 11, '2025-06-26', 'pending'),
  (87, 28, '2025-08-08', 'completed'),
  (88, 26, '2025-09-10', 'completed'),
  (89, 26, '2025-06-16', 'completed'),
  (90, 35, '2025-11-07', 'completed'),
  (91, 10, '2025-01-01', 'completed'),
  (92, 36, '2025-11-26', 'completed'),
  (93, 1, '2025-11-03', 'completed'),
  (94, 9, '2025-01-01', 'pending'),
  (95, 30, '2025-12-26', 'pending'),
  (96, 17, '2025-04-15', 'completed'),
  (97, 30, '2025-01-23', 'completed'),
  (98, 24, '2025-04-04', 'completed'),
  (99, 18, '2025-12-02', 'completed'),
  (100, 34, '2025-01-24', 'completed'),
  (101, 19, '2025-12-13', 'completed'),
  (102, 30, '2025-06-26', 'completed'),
  (103, 22, '2025-12-04', 'pending'),
  (104, 18, '2025-03-18', 'pending'),
  (105, 34, '2025-05-07', 'completed'),
  (106, 24, '2025-09-26', 'completed'),
  (107, 25, '2025-06-28', 'pending'),
  (108, 15, '2025-01-28', 'completed'),
  (109, 39, '2025-12-21', 'completed'),
  (110, 23, '2025-03-08', 'completed'),
  (111, 36, '2025-05-13', 'completed'),
  (112, 2, '2025-09-17', 'completed'),
  (113, 34, '2025-02-11', 'completed'),
  (114, 3, '2025-07-11', 'cancelled'),
  (115, 25, '2025-12-02', 'cancelled'),
  (116, 16, '2025-02-26', 'pending'),
  (117, 37, '2025-10-25', 'pending'),
  (118, 25, '2025-05-26', 'completed'),
  (119, 14, '2025-11-01', 'pending'),
  (120, 30, '2025-01-22', 'pending'),
  (121, 23, '2025-01-16', 'cancelled'),
  (122, 5, '2025-05-12', 'completed'),
  (123, 24, '2025-12-11', 'cancelled'),
  (124, 13, '2025-06-03', 'cancelled'),
  (125, 10, '2025-01-10', 'cancelled'),
  (126, 23, '2025-07-17', 'cancelled'),
  (127, 5, '2025-04-17', 'cancelled'),
  (128, 11, '2025-05-28', 'completed'),
  (129, 20, '2025-05-17', 'completed'),
  (130, 34, '2025-01-16', 'pending'),
  (131, 21, '2025-09-10', 'completed'),
  (132, 25, '2025-02-10', 'completed'),
  (133, 36, '2025-07-05', 'completed'),
  (134, 13, '2025-11-17', 'completed'),
  (135, 5, '2025-11-08', 'completed'),
  (136, 8, '2025-06-22', 'cancelled'),
  (137, 11, '2025-04-25', 'completed'),
  (138, 3, '2025-07-06', 'completed'),
  (139, 11, '2025-09-12', 'completed'),
  (140, 13, '2025-10-16', 'cancelled'),
  (141, 36, '2025-06-20', 'pending'),
  (142, 39, '2025-02-07', 'completed'),
  (143, 1, '2025-10-10', 'cancelled'),
  (144, 36, '2025-12-12', 'completed'),
  (145, 32, '2025-01-10', 'completed'),
  (146, 1, '2025-07-25', 'completed'),
  (147, 33, '2025-01-26', 'completed'),
  (148, 19, '2025-06-20', 'cancelled'),
  (149, 30, '2025-11-06', 'completed'),
  (150, 4, '2025-07-04', 'completed'),
  (151, 8, '2025-09-19', 'pending'),
  (152, 2, '2025-08-07', 'pending'),
  (153, 24, '2025-08-10', 'completed'),
  (154, 14, '2025-10-19', 'pending'),
  (155, 7, '2025-08-24', 'cancelled'),
  (156, 34, '2025-12-23', 'completed'),
  (157, 10, '2025-08-06', 'pending'),
  (158, 3, '2025-02-21', 'cancelled'),
  (159, 7, '2025-03-06', 'completed'),
  (160, 12, '2025-07-28', 'completed');

INSERT INTO order_items (order_item_id, order_id, product_id, quantity, unit_price) VALUES
  (1, 1, 10, 1, 90.99),
  (2, 2, 15, 1, 74.99),
  (3, 3, 14, 1, 32.99),
  (4, 3, 3, 3, 115.99),
  (5, 3, 11, 3, 63.99),
  (6, 3, 20, 2, 31.99),
  (7, 4, 22, 1, 130.99),
  (8, 4, 14, 2, 32.99),
  (9, 5, 9, 3, 81.99),
  (10, 6, 18, 3, 45.99),
  (11, 6, 5, 3, 121.99),
  (12, 6, 7, 1, 56.99),
  (13, 7, 22, 2, 130.99),
  (14, 7, 24, 1, 33.99),
  (15, 7, 11, 1, 63.99),
  (16, 8, 10, 3, 90.99),
  (17, 9, 9, 2, 81.99),
  (18, 9, 3, 2, 115.99),
  (19, 9, 11, 3, 63.99),
  (20, 10, 5, 2, 121.99),
  (21, 10, 11, 1, 63.99),
  (22, 10, 22, 2, 130.99),
  (23, 11, 18, 3, 45.99),
  (24, 12, 13, 1, 161.99),
  (25, 12, 21, 2, 102.99),
  (26, 12, 16, 1, 127.99),
  (27, 13, 20, 1, 31.99),
  (28, 13, 21, 2, 102.99),
  (29, 14, 17, 1, 86.99),
  (30, 15, 1, 1, 189.99),
  (31, 15, 8, 2, 196.99),
  (32, 15, 14, 2, 32.99),
  (33, 16, 1, 2, 189.99),
  (34, 16, 11, 1, 63.99),
  (35, 16, 15, 1, 74.99),
  (36, 17, 1, 1, 189.99),
  (37, 17, 2, 1, 103.99),
  (38, 18, 17, 3, 86.99),
  (39, 19, 7, 1, 56.99),
  (40, 20, 11, 2, 63.99),
  (41, 20, 1, 1, 189.99),
  (42, 21, 2, 1, 103.99),
  (43, 21, 6, 3, 127.99),
  (44, 21, 1, 1, 189.99),
  (45, 22, 18, 2, 45.99),
  (46, 22, 13, 1, 161.99),
  (47, 22, 22, 3, 130.99),
  (48, 22, 9, 2, 81.99),
  (49, 23, 11, 1, 63.99),
  (50, 23, 19, 3, 14.99),
  (51, 24, 18, 2, 45.99),
  (52, 24, 10, 3, 90.99),
  (53, 24, 20, 1, 31.99),
  (54, 25, 1, 2, 189.99),
  (55, 26, 7, 2, 56.99),
  (56, 26, 4, 2, 78.99),
  (57, 26, 21, 1, 102.99),
  (58, 26, 14, 2, 32.99),
  (59, 27, 13, 3, 161.99),
  (60, 27, 22, 1, 130.99),
  (61, 28, 13, 3, 161.99),
  (62, 29, 19, 1, 14.99),
  (63, 29, 23, 3, 131.99),
  (64, 29, 2, 3, 103.99),
  (65, 30, 3, 3, 115.99),
  (66, 30, 21, 3, 102.99),
  (67, 30, 6, 2, 127.99),
  (68, 31, 13, 3, 161.99),
  (69, 31, 2, 2, 103.99),
  (70, 31, 10, 1, 90.99),
  (71, 32, 12, 2, 96.99),
  (72, 32, 3, 2, 115.99),
  (73, 32, 5, 1, 121.99),
  (74, 33, 3, 2, 115.99),
  (75, 33, 22, 2, 130.99),
  (76, 33, 23, 2, 131.99),
  (77, 33, 13, 3, 161.99),
  (78, 34, 1, 2, 189.99),
  (79, 34, 4, 1, 78.99),
  (80, 35, 9, 3, 81.99),
  (81, 36, 14, 3, 32.99),
  (82, 36, 20, 3, 31.99),
  (83, 37, 15, 3, 74.99),
  (84, 37, 9, 2, 81.99),
  (85, 37, 10, 3, 90.99),
  (86, 37, 1, 2, 189.99),
  (87, 38, 21, 2, 102.99),
  (88, 38, 3, 3, 115.99),
  (89, 38, 10, 2, 90.99),
  (90, 39, 7, 1, 56.99),
  (91, 39, 20, 2, 31.99),
  (92, 39, 18, 3, 45.99),
  (93, 40, 12, 3, 96.99),
  (94, 40, 20, 3, 31.99),
  (95, 40, 24, 2, 33.99),
  (96, 40, 16, 3, 127.99),
  (97, 41, 4, 3, 78.99),
  (98, 41, 4, 3, 78.99),
  (99, 42, 17, 2, 86.99),
  (100, 42, 6, 3, 127.99),
  (101, 42, 13, 2, 161.99),
  (102, 43, 17, 2, 86.99),
  (103, 43, 17, 3, 86.99),
  (104, 43, 14, 2, 32.99),
  (105, 43, 23, 3, 131.99),
  (106, 44, 3, 2, 115.99),
  (107, 44, 6, 3, 127.99),
  (108, 45, 14, 2, 32.99),
  (109, 45, 11, 3, 63.99),
  (110, 46, 10, 2, 90.99),
  (111, 46, 21, 3, 102.99),
  (112, 46, 1, 1, 189.99),
  (113, 46, 2, 3, 103.99),
  (114, 47, 24, 1, 33.99),
  (115, 47, 19, 2, 14.99),
  (116, 48, 18, 1, 45.99),
  (117, 48, 3, 2, 115.99),
  (118, 48, 16, 2, 127.99),
  (119, 48, 3, 1, 115.99),
  (120, 49, 14, 2, 32.99),
  (121, 49, 17, 2, 86.99),
  (122, 49, 13, 3, 161.99),
  (123, 49, 4, 3, 78.99),
  (124, 50, 20, 2, 31.99),
  (125, 50, 1, 2, 189.99),
  (126, 50, 17, 3, 86.99),
  (127, 51, 18, 3, 45.99),
  (128, 51, 5, 1, 121.99),
  (129, 51, 18, 2, 45.99),
  (130, 51, 18, 2, 45.99),
  (131, 52, 8, 1, 196.99),
  (132, 53, 2, 2, 103.99),
  (133, 53, 22, 3, 130.99),
  (134, 53, 8, 3, 196.99),
  (135, 54, 5, 2, 121.99),
  (136, 54, 16, 1, 127.99),
  (137, 54, 21, 2, 102.99),
  (138, 55, 6, 1, 127.99),
  (139, 55, 12, 1, 96.99),
  (140, 55, 10, 1, 90.99),
  (141, 55, 7, 1, 56.99),
  (142, 56, 9, 2, 81.99),
  (143, 57, 9, 3, 81.99),
  (144, 57, 21, 1, 102.99),
  (145, 57, 16, 3, 127.99),
  (146, 57, 2, 3, 103.99),
  (147, 58, 19, 2, 14.99),
  (148, 58, 15, 1, 74.99),
  (149, 58, 24, 2, 33.99),
  (150, 58, 24, 2, 33.99),
  (151, 59, 10, 3, 90.99),
  (152, 59, 20, 1, 31.99),
  (153, 59, 9, 1, 81.99),
  (154, 59, 8, 3, 196.99),
  (155, 60, 4, 2, 78.99),
  (156, 60, 17, 1, 86.99),
  (157, 60, 13, 2, 161.99),
  (158, 61, 21, 1, 102.99),
  (159, 62, 7, 3, 56.99),
  (160, 63, 12, 2, 96.99),
  (161, 63, 21, 2, 102.99),
  (162, 64, 2, 1, 103.99),
  (163, 65, 23, 3, 131.99),
  (164, 66, 23, 2, 131.99),
  (165, 67, 21, 2, 102.99),
  (166, 67, 1, 3, 189.99),
  (167, 67, 24, 1, 33.99),
  (168, 68, 22, 3, 130.99),
  (169, 69, 15, 2, 74.99),
  (170, 70, 12, 3, 96.99),
  (171, 71, 15, 1, 74.99),
  (172, 71, 23, 1, 131.99),
  (173, 72, 3, 1, 115.99),
  (174, 72, 13, 1, 161.99),
  (175, 72, 24, 1, 33.99),
  (176, 73, 21, 2, 102.99),
  (177, 73, 5, 2, 121.99),
  (178, 74, 6, 1, 127.99),
  (179, 74, 10, 3, 90.99),
  (180, 74, 2, 1, 103.99),
  (181, 74, 5, 3, 121.99),
  (182, 75, 1, 3, 189.99),
  (183, 75, 7, 1, 56.99),
  (184, 76, 5, 2, 121.99),
  (185, 76, 9, 3, 81.99),
  (186, 76, 17, 3, 86.99),
  (187, 77, 16, 1, 127.99),
  (188, 78, 7, 2, 56.99),
  (189, 79, 17, 1, 86.99),
  (190, 80, 18, 1, 45.99),
  (191, 81, 15, 1, 74.99),
  (192, 81, 20, 2, 31.99),
  (193, 81, 11, 3, 63.99),
  (194, 81, 22, 3, 130.99),
  (195, 82, 22, 3, 130.99),
  (196, 83, 5, 2, 121.99),
  (197, 83, 20, 2, 31.99),
  (198, 83, 22, 1, 130.99),
  (199, 84, 8, 2, 196.99),
  (200, 84, 23, 2, 131.99),
  (201, 85, 7, 1, 56.99),
  (202, 85, 18, 3, 45.99),
  (203, 85, 20, 2, 31.99),
  (204, 86, 23, 3, 131.99),
  (205, 87, 1, 2, 189.99),
  (206, 87, 15, 3, 74.99),
  (207, 88, 3, 2, 115.99),
  (208, 89, 11, 2, 63.99),
  (209, 90, 13, 2, 161.99),
  (210, 90, 16, 1, 127.99),
  (211, 91, 11, 3, 63.99),
  (212, 91, 13, 2, 161.99),
  (213, 92, 4, 3, 78.99),
  (214, 92, 16, 3, 127.99),
  (215, 92, 1, 2, 189.99),
  (216, 93, 16, 2, 127.99),
  (217, 93, 10, 2, 90.99),
  (218, 93, 11, 3, 63.99),
  (219, 93, 23, 2, 131.99),
  (220, 94, 24, 2, 33.99),
  (221, 94, 8, 2, 196.99),
  (222, 94, 24, 1, 33.99),
  (223, 94, 14, 3, 32.99),
  (224, 95, 6, 1, 127.99),
  (225, 95, 24, 3, 33.99),
  (226, 96, 18, 3, 45.99),
  (227, 96, 2, 1, 103.99),
  (228, 96, 9, 1, 81.99),
  (229, 97, 13, 2, 161.99),
  (230, 98, 23, 2, 131.99),
  (231, 98, 6, 2, 127.99),
  (232, 98, 16, 2, 127.99),
  (233, 99, 18, 2, 45.99),
  (234, 99, 16, 2, 127.99),
  (235, 99, 17, 2, 86.99),
  (236, 100, 22, 3, 130.99),
  (237, 100, 8, 2, 196.99),
  (238, 100, 19, 1, 14.99),
  (239, 101, 9, 3, 81.99),
  (240, 101, 17, 1, 86.99),
  (241, 102, 16, 3, 127.99),
  (242, 103, 9, 1, 81.99),
  (243, 104, 1, 1, 189.99),
  (244, 104, 3, 3, 115.99),
  (245, 104, 4, 3, 78.99),
  (246, 105, 18, 3, 45.99),
  (247, 106, 8, 1, 196.99),
  (248, 106, 10, 1, 90.99),
  (249, 106, 11, 3, 63.99),
  (250, 106, 20, 3, 31.99),
  (251, 107, 8, 3, 196.99),
  (252, 107, 24, 1, 33.99),
  (253, 107, 7, 3, 56.99),
  (254, 107, 5, 1, 121.99),
  (255, 108, 7, 1, 56.99),
  (256, 108, 5, 2, 121.99),
  (257, 108, 13, 1, 161.99),
  (258, 108, 10, 1, 90.99),
  (259, 109, 3, 1, 115.99),
  (260, 109, 13, 3, 161.99),
  (261, 109, 11, 1, 63.99),
  (262, 110, 6, 2, 127.99),
  (263, 111, 12, 3, 96.99),
  (264, 111, 3, 2, 115.99),
  (265, 111, 16, 1, 127.99),
  (266, 111, 15, 1, 74.99),
  (267, 112, 20, 3, 31.99),
  (268, 112, 7, 1, 56.99),
  (269, 112, 9, 3, 81.99),
  (270, 113, 5, 1, 121.99),
  (271, 113, 20, 2, 31.99),
  (272, 113, 10, 2, 90.99),
  (273, 113, 23, 3, 131.99),
  (274, 114, 14, 3, 32.99),
  (275, 114, 23, 2, 131.99),
  (276, 114, 14, 2, 32.99),
  (277, 115, 18, 3, 45.99),
  (278, 115, 8, 2, 196.99),
  (279, 115, 11, 3, 63.99),
  (280, 116, 13, 3, 161.99),
  (281, 117, 18, 2, 45.99),
  (282, 118, 23, 2, 131.99),
  (283, 119, 16, 2, 127.99),
  (284, 119, 4, 3, 78.99),
  (285, 120, 16, 2, 127.99),
  (286, 120, 21, 3, 102.99),
  (287, 120, 2, 2, 103.99),
  (288, 120, 13, 1, 161.99),
  (289, 121, 19, 1, 14.99),
  (290, 121, 6, 2, 127.99),
  (291, 122, 24, 3, 33.99),
  (292, 122, 19, 2, 14.99),
  (293, 122, 10, 1, 90.99),
  (294, 123, 4, 3, 78.99),
  (295, 123, 12, 3, 96.99),
  (296, 123, 1, 2, 189.99),
  (297, 124, 21, 2, 102.99),
  (298, 124, 16, 1, 127.99),
  (299, 124, 7, 2, 56.99),
  (300, 125, 23, 1, 131.99),
  (301, 125, 6, 2, 127.99),
  (302, 126, 24, 1, 33.99),
  (303, 126, 3, 3, 115.99),
  (304, 127, 6, 3, 127.99),
  (305, 127, 13, 2, 161.99),
  (306, 128, 14, 1, 32.99),
  (307, 129, 18, 3, 45.99),
  (308, 130, 24, 1, 33.99),
  (309, 131, 7, 2, 56.99),
  (310, 131, 17, 3, 86.99),
  (311, 131, 11, 3, 63.99),
  (312, 132, 6, 1, 127.99),
  (313, 132, 12, 2, 96.99),
  (314, 132, 8, 1, 196.99),
  (315, 132, 13, 3, 161.99),
  (316, 133, 17, 3, 86.99),
  (317, 134, 3, 2, 115.99),
  (318, 134, 2, 3, 103.99),
  (319, 134, 22, 3, 130.99),
  (320, 134, 10, 3, 90.99),
  (321, 135, 2, 1, 103.99),
  (322, 135, 3, 1, 115.99),
  (323, 135, 19, 3, 14.99),
  (324, 135, 8, 3, 196.99),
  (325, 136, 10, 1, 90.99),
  (326, 136, 12, 3, 96.99),
  (327, 136, 1, 2, 189.99),
  (328, 136, 7, 2, 56.99),
  (329, 137, 7, 3, 56.99),
  (330, 137, 16, 1, 127.99),
  (331, 137, 10, 3, 90.99),
  (332, 137, 3, 2, 115.99),
  (333, 138, 2, 2, 103.99),
  (334, 138, 24, 3, 33.99),
  (335, 139, 13, 1, 161.99),
  (336, 140, 15, 3, 74.99),
  (337, 140, 15, 3, 74.99),
  (338, 140, 4, 2, 78.99),
  (339, 140, 17, 1, 86.99),
  (340, 141, 11, 1, 63.99),
  (341, 141, 7, 1, 56.99),
  (342, 141, 4, 1, 78.99),
  (343, 141, 24, 2, 33.99),
  (344, 142, 12, 3, 96.99),
  (345, 142, 20, 2, 31.99),
  (346, 143, 17, 1, 86.99),
  (347, 143, 5, 2, 121.99),
  (348, 143, 24, 1, 33.99),
  (349, 143, 9, 3, 81.99),
  (350, 144, 18, 3, 45.99),
  (351, 144, 8, 3, 196.99),
  (352, 144, 13, 2, 161.99),
  (353, 145, 13, 1, 161.99),
  (354, 145, 7, 3, 56.99),
  (355, 146, 14, 1, 32.99),
  (356, 146, 3, 2, 115.99),
  (357, 146, 6, 1, 127.99),
  (358, 146, 12, 3, 96.99),
  (359, 147, 16, 2, 127.99),
  (360, 148, 15, 3, 74.99),
  (361, 148, 8, 1, 196.99),
  (362, 148, 14, 3, 32.99),
  (363, 148, 15, 1, 74.99),
  (364, 149, 6, 3, 127.99),
  (365, 149, 22, 2, 130.99),
  (366, 149, 10, 2, 90.99),
  (367, 150, 13, 1, 161.99),
  (368, 151, 15, 1, 74.99),
  (369, 151, 4, 1, 78.99),
  (370, 151, 23, 1, 131.99),
  (371, 151, 23, 2, 131.99),
  (372, 152, 19, 1, 14.99),
  (373, 152, 10, 3, 90.99),
  (374, 153, 22, 3, 130.99),
  (375, 153, 23, 2, 131.99),
  (376, 154, 10, 2, 90.99),
  (377, 154, 20, 3, 31.99),
  (378, 154, 16, 1, 127.99),
  (379, 155, 18, 1, 45.99),
  (380, 155, 16, 3, 127.99),
  (381, 156, 17, 3, 86.99),
  (382, 156, 23, 2, 131.99),
  (383, 157, 18, 1, 45.99),
  (384, 158, 6, 1, 127.99),
  (385, 158, 13, 2, 161.99),
  (386, 159, 9, 1, 81.99),
  (387, 159, 15, 3, 74.99),
  (388, 160, 14, 1, 32.99),
  (389, 160, 7, 1, 56.99);

INSERT INTO events (event_id, customer_id, event_type, event_time) VALUES
  (1, 40, 'add_to_cart', '2025-02-27 09:50:00'),
  (2, 7, 'view', '2025-09-08 20:19:00'),
  (3, 28, 'purchase', '2025-06-19 21:09:00'),
  (4, 2, 'view', '2025-01-18 04:09:00'),
  (5, 2, 'purchase', '2025-03-20 03:16:00'),
  (6, 28, 'add_to_cart', '2025-12-10 23:52:00'),
  (7, 18, 'add_to_cart', '2025-04-12 23:07:00'),
  (8, 35, 'add_to_cart', '2025-02-05 17:33:00'),
  (9, 15, 'add_to_cart', '2025-06-27 09:07:00'),
  (10, 38, 'purchase', '2025-03-24 15:02:00'),
  (11, 27, 'add_to_cart', '2025-08-08 07:26:00'),
  (12, 38, 'add_to_cart', '2025-01-13 06:58:00'),
  (13, 24, 'purchase', '2025-04-08 20:47:00'),
  (14, 5, 'purchase', '2025-04-03 00:39:00'),
  (15, 35, 'view', '2025-04-19 02:44:00'),
  (16, 39, 'view', '2025-04-22 18:24:00'),
  (17, 5, 'view', '2025-08-08 08:20:00'),
  (18, 28, 'add_to_cart', '2025-11-23 04:37:00'),
  (19, 3, 'view', '2025-06-27 08:42:00'),
  (20, 16, 'view', '2025-06-14 12:21:00'),
  (21, 40, 'add_to_cart', '2025-06-28 01:08:00'),
  (22, 37, 'add_to_cart', '2025-10-01 05:09:00'),
  (23, 4, 'add_to_cart', '2025-12-27 05:58:00'),
  (24, 20, 'view', '2025-02-04 18:41:00'),
  (25, 26, 'view', '2025-06-10 14:38:00'),
  (26, 12, 'view', '2025-01-04 22:51:00'),
  (27, 22, 'add_to_cart', '2025-02-10 08:31:00'),
  (28, 4, 'view', '2025-11-12 00:27:00'),
  (29, 3, 'view', '2025-07-16 14:49:00'),
  (30, 11, 'view', '2025-12-10 12:59:00'),
  (31, 40, 'view', '2025-01-10 20:44:00'),
  (32, 23, 'add_to_cart', '2025-03-07 04:21:00'),
  (33, 15, 'add_to_cart', '2025-12-12 06:12:00'),
  (34, 3, 'add_to_cart', '2025-09-02 07:51:00'),
  (35, 3, 'view', '2025-02-20 03:14:00'),
  (36, 4, 'add_to_cart', '2025-07-10 10:57:00'),
  (37, 24, 'view', '2025-12-07 04:41:00'),
  (38, 2, 'view', '2025-12-15 05:02:00'),
  (39, 23, 'purchase', '2025-06-01 07:08:00'),
  (40, 40, 'view', '2025-09-19 12:32:00'),
  (41, 8, 'view', '2025-10-04 13:10:00'),
  (42, 2, 'add_to_cart', '2025-08-01 02:03:00'),
  (43, 14, 'purchase', '2025-11-06 02:25:00'),
  (44, 32, 'view', '2025-07-14 00:50:00'),
  (45, 15, 'view', '2025-12-02 18:22:00'),
  (46, 26, 'view', '2025-09-05 16:55:00'),
  (47, 20, 'view', '2025-11-26 06:35:00'),
  (48, 4, 'add_to_cart', '2025-02-24 23:42:00'),
  (49, 23, 'add_to_cart', '2025-03-22 18:14:00'),
  (50, 13, 'view', '2025-04-28 11:21:00'),
  (51, 38, 'add_to_cart', '2025-06-14 11:27:00'),
  (52, 24, 'purchase', '2025-10-09 13:22:00'),
  (53, 37, 'add_to_cart', '2025-03-02 16:43:00'),
  (54, 24, 'view', '2025-09-01 06:36:00'),
  (55, 24, 'view', '2025-09-16 23:13:00'),
  (56, 16, 'view', '2025-01-25 21:13:00'),
  (57, 21, 'add_to_cart', '2025-07-22 11:52:00'),
  (58, 38, 'view', '2025-06-01 07:32:00'),
  (59, 29, 'purchase', '2025-01-09 13:38:00'),
  (60, 13, 'view', '2025-03-01 10:21:00'),
  (61, 1, 'view', '2025-06-10 01:45:00'),
  (62, 18, 'add_to_cart', '2025-05-23 01:08:00'),
  (63, 34, 'view', '2025-01-07 13:55:00'),
  (64, 28, 'view', '2025-04-24 07:38:00'),
  (65, 11, 'add_to_cart', '2025-06-05 22:35:00'),
  (66, 31, 'view', '2025-07-25 12:28:00'),
  (67, 7, 'view', '2025-12-26 01:09:00'),
  (68, 35, 'view', '2025-12-26 20:34:00'),
  (69, 18, 'view', '2025-04-10 22:28:00'),
  (70, 18, 'add_to_cart', '2025-12-26 07:49:00'),
  (71, 14, 'purchase', '2025-11-23 09:50:00'),
  (72, 12, 'view', '2025-06-23 11:42:00'),
  (73, 5, 'purchase', '2025-12-05 13:59:00'),
  (74, 23, 'view', '2025-03-03 02:06:00'),
  (75, 33, 'add_to_cart', '2025-04-08 23:58:00'),
  (76, 28, 'view', '2025-08-25 12:22:00'),
  (77, 23, 'add_to_cart', '2025-01-08 17:33:00'),
  (78, 17, 'purchase', '2025-08-07 13:45:00'),
  (79, 37, 'view', '2025-05-19 09:00:00'),
  (80, 11, 'add_to_cart', '2025-11-07 10:47:00'),
  (81, 19, 'view', '2025-07-26 15:47:00'),
  (82, 22, 'purchase', '2025-07-05 15:12:00'),
  (83, 12, 'purchase', '2025-03-26 16:23:00'),
  (84, 25, 'view', '2025-07-20 05:45:00'),
  (85, 29, 'purchase', '2025-06-11 15:52:00'),
  (86, 9, 'add_to_cart', '2025-05-09 00:38:00'),
  (87, 31, 'purchase', '2025-06-16 06:59:00'),
  (88, 37, 'view', '2025-10-28 19:28:00'),
  (89, 35, 'purchase', '2025-05-06 02:45:00'),
  (90, 16, 'view', '2025-03-14 04:46:00'),
  (91, 19, 'add_to_cart', '2025-09-15 22:24:00'),
  (92, 4, 'add_to_cart', '2025-03-08 08:12:00'),
  (93, 22, 'view', '2025-05-10 23:51:00'),
  (94, 37, 'add_to_cart', '2025-05-08 17:17:00'),
  (95, 11, 'purchase', '2025-02-25 01:17:00'),
  (96, 6, 'view', '2025-09-28 14:38:00'),
  (97, 36, 'purchase', '2025-09-20 18:03:00'),
  (98, 3, 'purchase', '2025-07-22 03:05:00'),
  (99, 20, 'view', '2025-08-21 12:54:00'),
  (100, 33, 'view', '2025-06-27 10:18:00'),
  (101, 1, 'view', '2025-06-08 10:00:00'),
  (102, 3, 'purchase', '2025-07-13 20:35:00'),
  (103, 5, 'view', '2025-11-17 07:13:00'),
  (104, 2, 'add_to_cart', '2025-03-18 15:07:00'),
  (105, 20, 'view', '2025-11-09 21:42:00'),
  (106, 22, 'purchase', '2025-01-27 04:16:00'),
  (107, 4, 'add_to_cart', '2025-10-22 21:00:00'),
  (108, 33, 'view', '2025-12-03 22:10:00'),
  (109, 25, 'add_to_cart', '2025-12-22 23:09:00'),
  (110, 1, 'view', '2025-03-03 01:07:00'),
  (111, 8, 'add_to_cart', '2025-12-20 03:56:00'),
  (112, 10, 'add_to_cart', '2025-01-04 05:56:00'),
  (113, 3, 'view', '2025-07-24 06:18:00'),
  (114, 7, 'view', '2025-06-20 07:49:00'),
  (115, 36, 'view', '2025-01-24 11:12:00'),
  (116, 12, 'view', '2025-11-18 05:20:00'),
  (117, 1, 'view', '2025-12-06 17:58:00'),
  (118, 26, 'purchase', '2025-03-21 22:46:00'),
  (119, 37, 'purchase', '2025-01-27 03:31:00'),
  (120, 39, 'view', '2025-03-10 08:14:00'),
  (121, 32, 'view', '2025-02-18 05:20:00'),
  (122, 8, 'view', '2025-04-25 23:24:00'),
  (123, 7, 'view', '2025-10-21 12:49:00'),
  (124, 17, 'add_to_cart', '2025-01-15 07:46:00'),
  (125, 30, 'add_to_cart', '2025-02-06 06:02:00'),
  (126, 37, 'view', '2025-07-17 20:00:00'),
  (127, 31, 'add_to_cart', '2025-09-04 04:45:00'),
  (128, 28, 'view', '2025-05-01 22:21:00'),
  (129, 9, 'add_to_cart', '2025-07-21 06:10:00'),
  (130, 38, 'view', '2025-01-07 13:32:00'),
  (131, 29, 'view', '2025-05-04 16:52:00'),
  (132, 38, 'view', '2025-06-07 21:07:00'),
  (133, 14, 'view', '2025-08-04 20:08:00'),
  (134, 17, 'view', '2025-12-06 21:15:00'),
  (135, 14, 'view', '2025-09-07 16:55:00'),
  (136, 26, 'add_to_cart', '2025-06-08 23:55:00'),
  (137, 34, 'add_to_cart', '2025-12-05 01:19:00'),
  (138, 18, 'add_to_cart', '2025-10-05 23:50:00'),
  (139, 35, 'purchase', '2025-03-04 21:41:00'),
  (140, 16, 'purchase', '2025-01-12 17:59:00'),
  (141, 16, 'purchase', '2025-06-19 15:40:00'),
  (142, 37, 'purchase', '2025-09-22 00:01:00'),
  (143, 33, 'add_to_cart', '2025-09-13 03:56:00'),
  (144, 28, 'add_to_cart', '2025-01-17 07:49:00'),
  (145, 6, 'view', '2025-06-17 11:58:00'),
  (146, 34, 'view', '2025-08-22 06:02:00'),
  (147, 17, 'view', '2025-02-22 16:59:00'),
  (148, 26, 'view', '2025-02-03 16:38:00'),
  (149, 15, 'view', '2025-10-17 10:57:00'),
  (150, 15, 'view', '2025-10-17 22:58:00'),
  (151, 32, 'view', '2025-07-06 08:33:00'),
  (152, 37, 'add_to_cart', '2025-07-02 11:17:00'),
  (153, 5, 'add_to_cart', '2025-12-04 23:17:00'),
  (154, 9, 'add_to_cart', '2025-09-04 10:22:00'),
  (155, 27, 'view', '2025-03-02 21:01:00'),
  (156, 26, 'add_to_cart', '2025-12-28 05:03:00'),
  (157, 7, 'view', '2025-12-20 07:58:00'),
  (158, 5, 'add_to_cart', '2025-02-06 12:08:00'),
  (159, 21, 'view', '2025-04-15 18:50:00'),
  (160, 34, 'view', '2025-05-27 03:22:00'),
  (161, 10, 'view', '2025-09-25 01:11:00'),
  (162, 6, 'view', '2025-02-04 07:14:00'),
  (163, 28, 'purchase', '2025-05-23 03:19:00'),
  (164, 23, 'view', '2025-01-01 13:56:00'),
  (165, 15, 'view', '2025-02-13 08:15:00'),
  (166, 29, 'view', '2025-07-14 21:47:00'),
  (167, 34, 'add_to_cart', '2025-02-06 15:27:00'),
  (168, 14, 'view', '2025-08-16 12:15:00'),
  (169, 36, 'add_to_cart', '2025-06-12 14:59:00'),
  (170, 32, 'view', '2025-06-13 05:56:00'),
  (171, 11, 'view', '2025-12-08 09:45:00'),
  (172, 40, 'purchase', '2025-05-25 01:12:00'),
  (173, 2, 'add_to_cart', '2025-11-15 06:03:00'),
  (174, 36, 'add_to_cart', '2025-01-20 01:45:00'),
  (175, 13, 'add_to_cart', '2025-09-18 19:20:00'),
  (176, 11, 'view', '2025-12-25 06:08:00'),
  (177, 20, 'view', '2025-10-06 01:48:00'),
  (178, 4, 'add_to_cart', '2025-11-19 22:39:00'),
  (179, 37, 'add_to_cart', '2025-12-15 17:38:00'),
  (180, 16, 'view', '2025-04-16 17:22:00'),
  (181, 10, 'add_to_cart', '2025-07-11 11:48:00'),
  (182, 12, 'purchase', '2025-08-25 20:24:00'),
  (183, 7, 'add_to_cart', '2025-06-06 05:52:00'),
  (184, 32, 'view', '2025-01-18 20:14:00'),
  (185, 14, 'add_to_cart', '2025-03-23 13:48:00'),
  (186, 4, 'add_to_cart', '2025-10-19 15:19:00'),
  (187, 30, 'purchase', '2025-06-07 20:44:00'),
  (188, 15, 'view', '2025-10-05 17:41:00'),
  (189, 25, 'purchase', '2025-08-02 13:10:00'),
  (190, 40, 'purchase', '2025-09-28 09:43:00'),
  (191, 6, 'view', '2025-09-01 02:15:00'),
  (192, 7, 'add_to_cart', '2025-08-01 10:43:00'),
  (193, 15, 'add_to_cart', '2025-06-26 06:08:00'),
  (194, 33, 'view', '2025-11-20 13:45:00'),
  (195, 24, 'view', '2025-03-14 09:59:00'),
  (196, 40, 'view', '2025-08-02 13:07:00'),
  (197, 30, 'view', '2025-02-22 07:09:00'),
  (198, 35, 'add_to_cart', '2025-09-03 23:18:00'),
  (199, 31, 'view', '2025-07-26 04:18:00'),
  (200, 11, 'view', '2025-01-09 01:33:00'),
  (201, 13, 'view', '2025-06-10 13:50:00'),
  (202, 27, 'add_to_cart', '2025-09-11 22:45:00'),
  (203, 15, 'view', '2025-03-26 10:44:00'),
  (204, 9, 'view', '2025-06-12 00:17:00'),
  (205, 12, 'view', '2025-07-19 16:36:00'),
  (206, 5, 'view', '2025-05-09 22:15:00'),
  (207, 25, 'view', '2025-01-03 02:24:00'),
  (208, 4, 'view', '2025-05-20 02:19:00'),
  (209, 4, 'view', '2025-04-12 00:08:00'),
  (210, 20, 'view', '2025-11-10 09:08:00'),
  (211, 16, 'view', '2025-02-18 14:27:00'),
  (212, 25, 'add_to_cart', '2025-02-26 05:51:00'),
  (213, 11, 'view', '2025-10-08 00:59:00'),
  (214, 4, 'view', '2025-09-09 05:05:00'),
  (215, 10, 'add_to_cart', '2025-06-06 08:39:00'),
  (216, 38, 'view', '2025-10-25 18:40:00'),
  (217, 19, 'add_to_cart', '2025-02-13 07:05:00'),
  (218, 27, 'view', '2025-07-10 11:17:00'),
  (219, 1, 'view', '2025-04-14 01:09:00'),
  (220, 35, 'view', '2025-08-23 15:29:00'),
  (221, 16, 'purchase', '2025-11-02 08:38:00'),
  (222, 38, 'add_to_cart', '2025-09-19 13:10:00'),
  (223, 12, 'purchase', '2025-03-01 05:32:00'),
  (224, 30, 'add_to_cart', '2025-10-10 03:00:00'),
  (225, 10, 'view', '2025-06-26 09:07:00'),
  (226, 36, 'view', '2025-03-26 09:23:00'),
  (227, 17, 'add_to_cart', '2025-11-24 11:40:00'),
  (228, 22, 'purchase', '2025-07-01 02:35:00'),
  (229, 38, 'view', '2025-02-18 14:26:00'),
  (230, 26, 'view', '2025-08-14 04:55:00'),
  (231, 39, 'add_to_cart', '2025-12-24 01:00:00'),
  (232, 5, 'view', '2025-04-17 08:42:00'),
  (233, 26, 'view', '2025-11-23 21:56:00'),
  (234, 34, 'view', '2025-08-20 04:41:00'),
  (235, 3, 'view', '2025-09-19 00:44:00'),
  (236, 14, 'add_to_cart', '2025-12-26 02:30:00'),
  (237, 1, 'add_to_cart', '2025-10-11 05:46:00'),
  (238, 28, 'add_to_cart', '2025-12-20 11:44:00'),
  (239, 10, 'view', '2025-04-20 04:29:00'),
  (240, 34, 'view', '2025-01-08 07:31:00'),
  (241, 9, 'view', '2025-07-08 04:22:00'),
  (242, 28, 'add_to_cart', '2025-09-05 06:02:00'),
  (243, 10, 'view', '2025-07-26 09:31:00'),
  (244, 32, 'purchase', '2025-11-13 13:02:00'),
  (245, 39, 'add_to_cart', '2025-02-25 05:22:00'),
  (246, 8, 'view', '2025-05-17 11:09:00'),
  (247, 9, 'view', '2025-04-14 15:13:00'),
  (248, 29, 'view', '2025-06-05 03:14:00'),
  (249, 18, 'view', '2025-12-02 16:18:00'),
  (250, 15, 'view', '2025-04-17 01:49:00'),
  (251, 24, 'view', '2025-11-21 04:15:00'),
  (252, 21, 'view', '2025-10-11 18:05:00'),
  (253, 1, 'add_to_cart', '2025-03-16 10:07:00'),
  (254, 16, 'view', '2025-05-25 00:47:00'),
  (255, 26, 'view', '2025-10-24 13:11:00'),
  (256, 40, 'view', '2025-06-08 15:16:00'),
  (257, 26, 'add_to_cart', '2025-11-18 08:57:00'),
  (258, 16, 'view', '2025-04-15 00:24:00'),
  (259, 20, 'add_to_cart', '2025-02-13 08:52:00'),
  (260, 28, 'view', '2025-02-04 16:19:00'),
  (261, 29, 'purchase', '2025-04-09 18:08:00'),
  (262, 11, 'view', '2025-09-16 09:08:00'),
  (263, 16, 'add_to_cart', '2025-11-07 05:39:00'),
  (264, 32, 'view', '2025-10-11 00:37:00'),
  (265, 16, 'view', '2025-04-07 08:16:00'),
  (266, 29, 'view', '2025-05-26 02:17:00'),
  (267, 17, 'view', '2025-08-07 11:07:00'),
  (268, 19, 'view', '2025-04-24 23:39:00'),
  (269, 36, 'add_to_cart', '2025-08-21 07:34:00'),
  (270, 31, 'add_to_cart', '2025-08-24 17:03:00'),
  (271, 22, 'add_to_cart', '2025-08-25 09:03:00'),
  (272, 33, 'add_to_cart', '2025-12-28 03:47:00'),
  (273, 18, 'view', '2025-02-15 12:18:00'),
  (274, 20, 'purchase', '2025-11-04 21:07:00'),
  (275, 25, 'view', '2025-01-27 14:24:00'),
  (276, 24, 'view', '2025-02-25 13:57:00'),
  (277, 39, 'add_to_cart', '2025-03-23 20:43:00'),
  (278, 27, 'view', '2025-05-13 10:23:00'),
  (279, 17, 'view', '2025-03-13 06:37:00'),
  (280, 3, 'view', '2025-08-12 01:47:00'),
  (281, 5, 'add_to_cart', '2025-07-05 04:15:00'),
  (282, 1, 'purchase', '2025-10-10 07:59:00'),
  (283, 16, 'view', '2025-01-18 10:45:00'),
  (284, 38, 'purchase', '2025-01-14 10:40:00'),
  (285, 20, 'add_to_cart', '2025-01-13 12:49:00'),
  (286, 1, 'add_to_cart', '2025-07-15 10:16:00'),
  (287, 28, 'view', '2025-05-26 20:31:00'),
  (288, 4, 'purchase', '2025-06-16 16:42:00'),
  (289, 7, 'view', '2025-07-04 00:33:00'),
  (290, 33, 'purchase', '2025-05-10 23:01:00'),
  (291, 39, 'purchase', '2025-06-10 03:37:00'),
  (292, 11, 'add_to_cart', '2025-02-24 23:24:00'),
  (293, 18, 'purchase', '2025-07-24 04:24:00'),
  (294, 12, 'add_to_cart', '2025-01-28 10:57:00'),
  (295, 37, 'add_to_cart', '2025-10-07 07:16:00'),
  (296, 35, 'purchase', '2025-06-23 14:15:00'),
  (297, 23, 'add_to_cart', '2025-01-06 02:47:00'),
  (298, 19, 'purchase', '2025-11-10 11:12:00'),
  (299, 5, 'view', '2025-04-11 05:31:00'),
  (300, 3, 'purchase', '2025-06-03 22:21:00'),
  (301, 19, 'purchase', '2025-07-24 20:32:00'),
  (302, 6, 'add_to_cart', '2025-02-15 07:33:00'),
  (303, 17, 'add_to_cart', '2025-04-14 18:10:00'),
  (304, 13, 'purchase', '2025-03-16 05:18:00'),
  (305, 5, 'view', '2025-03-01 16:01:00'),
  (306, 4, 'add_to_cart', '2025-06-28 09:20:00'),
  (307, 36, 'add_to_cart', '2025-06-11 04:37:00'),
  (308, 40, 'add_to_cart', '2025-06-09 17:04:00'),
  (309, 29, 'view', '2025-05-06 23:35:00'),
  (310, 11, 'add_to_cart', '2025-10-17 01:08:00'),
  (311, 15, 'view', '2025-06-18 03:49:00'),
  (312, 31, 'add_to_cart', '2025-12-17 04:10:00'),
  (313, 7, 'purchase', '2025-06-06 10:11:00'),
  (314, 23, 'view', '2025-07-07 10:03:00'),
  (315, 6, 'add_to_cart', '2025-01-02 07:53:00'),
  (316, 33, 'add_to_cart', '2025-07-17 08:56:00'),
  (317, 28, 'view', '2025-11-19 05:29:00'),
  (318, 1, 'add_to_cart', '2025-11-15 21:30:00'),
  (319, 9, 'view', '2025-09-26 19:34:00'),
  (320, 8, 'view', '2025-06-22 07:24:00'),
  (321, 25, 'add_to_cart', '2025-05-15 01:03:00'),
  (322, 16, 'add_to_cart', '2025-04-22 01:48:00'),
  (323, 9, 'view', '2025-10-20 14:59:00'),
  (324, 36, 'view', '2025-08-16 18:26:00'),
  (325, 23, 'purchase', '2025-01-11 18:17:00'),
  (326, 11, 'purchase', '2025-04-25 13:50:00'),
  (327, 40, 'add_to_cart', '2025-03-09 19:46:00'),
  (328, 4, 'view', '2025-11-14 10:25:00'),
  (329, 6, 'purchase', '2025-07-06 13:40:00'),
  (330, 9, 'purchase', '2025-03-07 19:12:00'),
  (331, 33, 'view', '2025-05-24 04:19:00'),
  (332, 8, 'purchase', '2025-11-26 04:06:00'),
  (333, 27, 'add_to_cart', '2025-08-14 18:20:00'),
  (334, 17, 'add_to_cart', '2025-12-10 08:24:00'),
  (335, 15, 'add_to_cart', '2025-01-22 16:38:00'),
  (336, 9, 'view', '2025-06-04 14:48:00'),
  (337, 19, 'add_to_cart', '2025-02-22 01:51:00'),
  (338, 18, 'view', '2025-09-26 19:13:00'),
  (339, 18, 'add_to_cart', '2025-05-19 15:21:00'),
  (340, 15, 'purchase', '2025-12-06 00:39:00'),
  (341, 21, 'view', '2025-10-12 19:41:00'),
  (342, 16, 'purchase', '2025-02-17 03:22:00'),
  (343, 5, 'add_to_cart', '2025-04-15 13:53:00'),
  (344, 29, 'purchase', '2025-06-18 10:25:00'),
  (345, 21, 'view', '2025-06-01 14:38:00'),
  (346, 18, 'view', '2025-10-16 03:29:00'),
  (347, 31, 'add_to_cart', '2025-03-08 17:29:00'),
  (348, 10, 'add_to_cart', '2025-10-13 11:17:00'),
  (349, 21, 'add_to_cart', '2025-05-24 15:02:00'),
  (350, 10, 'add_to_cart', '2025-10-20 15:36:00'),
  (351, 10, 'view', '2025-12-17 04:56:00'),
  (352, 29, 'add_to_cart', '2025-07-13 06:21:00'),
  (353, 15, 'add_to_cart', '2025-07-13 09:27:00'),
  (354, 30, 'purchase', '2025-11-28 23:30:00'),
  (355, 16, 'view', '2025-12-18 15:57:00'),
  (356, 22, 'view', '2025-01-10 14:44:00'),
  (357, 5, 'view', '2025-10-18 17:56:00'),
  (358, 39, 'add_to_cart', '2025-08-11 10:45:00'),
  (359, 33, 'purchase', '2025-08-23 13:33:00'),
  (360, 7, 'purchase', '2025-04-21 17:08:00'),
  (361, 25, 'add_to_cart', '2025-06-07 02:50:00'),
  (362, 40, 'purchase', '2025-07-01 21:51:00'),
  (363, 29, 'view', '2025-05-02 00:52:00'),
  (364, 7, 'purchase', '2025-07-13 18:13:00'),
  (365, 21, 'view', '2025-04-28 10:08:00'),
  (366, 28, 'add_to_cart', '2025-10-27 13:17:00'),
  (367, 17, 'view', '2025-10-18 16:25:00'),
  (368, 23, 'view', '2025-03-27 05:35:00'),
  (369, 6, 'purchase', '2025-09-06 12:35:00'),
  (370, 10, 'view', '2025-02-20 16:15:00'),
  (371, 11, 'purchase', '2025-09-01 11:46:00'),
  (372, 10, 'view', '2025-09-19 07:25:00'),
  (373, 35, 'add_to_cart', '2025-06-21 15:59:00'),
  (374, 1, 'view', '2025-10-21 12:23:00'),
  (375, 3, 'view', '2025-11-22 07:44:00'),
  (376, 16, 'add_to_cart', '2025-07-23 18:42:00'),
  (377, 17, 'view', '2025-01-21 02:40:00'),
  (378, 20, 'view', '2025-10-17 11:58:00'),
  (379, 34, 'view', '2025-12-10 23:26:00'),
  (380, 8, 'add_to_cart', '2025-09-21 09:57:00'),
  (381, 10, 'add_to_cart', '2025-12-20 12:19:00'),
  (382, 18, 'add_to_cart', '2025-04-07 20:38:00'),
  (383, 24, 'add_to_cart', '2025-03-22 02:47:00'),
  (384, 11, 'view', '2025-06-10 18:49:00'),
  (385, 12, 'view', '2025-10-28 07:10:00'),
  (386, 36, 'view', '2025-10-23 05:03:00'),
  (387, 15, 'add_to_cart', '2025-06-02 01:27:00'),
  (388, 38, 'view', '2025-10-08 23:17:00'),
  (389, 27, 'view', '2025-12-14 20:20:00'),
  (390, 35, 'purchase', '2025-11-10 23:57:00'),
  (391, 14, 'view', '2025-07-19 20:12:00'),
  (392, 9, 'view', '2025-09-25 22:24:00'),
  (393, 26, 'add_to_cart', '2025-01-19 07:49:00'),
  (394, 9, 'view', '2025-10-06 02:19:00'),
  (395, 9, 'add_to_cart', '2025-04-09 19:43:00'),
  (396, 40, 'add_to_cart', '2025-04-23 13:03:00'),
  (397, 25, 'add_to_cart', '2025-04-13 06:09:00'),
  (398, 31, 'view', '2025-08-24 22:02:00'),
  (399, 35, 'view', '2025-12-18 18:44:00'),
  (400, 10, 'purchase', '2025-07-26 12:03:00'),
  (401, 36, 'view', '2025-11-17 09:11:00'),
  (402, 35, 'purchase', '2025-10-28 08:46:00'),
  (403, 16, 'add_to_cart', '2025-01-09 04:23:00'),
  (404, 3, 'add_to_cart', '2025-09-26 16:43:00'),
  (405, 20, 'purchase', '2025-11-26 04:19:00'),
  (406, 23, 'add_to_cart', '2025-03-20 07:45:00'),
  (407, 32, 'view', '2025-09-06 21:13:00'),
  (408, 10, 'view', '2025-07-26 14:27:00'),
  (409, 20, 'view', '2025-03-03 06:02:00'),
  (410, 40, 'view', '2025-10-23 07:39:00'),
  (411, 27, 'view', '2025-05-13 09:28:00'),
  (412, 3, 'add_to_cart', '2025-07-25 04:58:00'),
  (413, 28, 'view', '2025-12-26 01:52:00'),
  (414, 33, 'view', '2025-11-21 00:33:00'),
  (415, 9, 'add_to_cart', '2025-02-02 03:02:00'),
  (416, 38, 'view', '2025-10-17 11:42:00'),
  (417, 30, 'view', '2025-01-08 14:28:00'),
  (418, 9, 'view', '2025-07-28 11:19:00'),
  (419, 8, 'view', '2025-04-28 13:00:00'),
  (420, 40, 'view', '2025-09-17 10:12:00'),
  (421, 20, 'view', '2025-04-03 18:35:00'),
  (422, 15, 'add_to_cart', '2025-02-06 00:00:00'),
  (423, 12, 'view', '2025-10-16 10:55:00'),
  (424, 31, 'view', '2025-12-07 06:48:00'),
  (425, 12, 'add_to_cart', '2025-01-17 04:12:00'),
  (426, 2, 'purchase', '2025-10-20 13:28:00'),
  (427, 37, 'add_to_cart', '2025-01-11 11:00:00'),
  (428, 15, 'purchase', '2025-11-07 03:58:00'),
  (429, 4, 'add_to_cart', '2025-04-22 13:14:00'),
  (430, 19, 'view', '2025-08-01 12:29:00'),
  (431, 37, 'purchase', '2025-11-28 21:36:00'),
  (432, 5, 'view', '2025-02-18 12:28:00'),
  (433, 7, 'view', '2025-03-04 14:52:00'),
  (434, 40, 'view', '2025-07-04 15:25:00'),
  (435, 26, 'add_to_cart', '2025-01-15 17:45:00'),
  (436, 26, 'view', '2025-12-17 19:34:00'),
  (437, 30, 'view', '2025-10-13 21:11:00'),
  (438, 18, 'view', '2025-10-12 21:25:00'),
  (439, 21, 'view', '2025-02-06 23:53:00'),
  (440, 21, 'view', '2025-07-22 08:03:00'),
  (441, 2, 'view', '2025-06-09 23:41:00'),
  (442, 19, 'view', '2025-08-12 08:07:00'),
  (443, 10, 'view', '2025-05-22 08:50:00'),
  (444, 25, 'view', '2025-10-25 16:50:00'),
  (445, 26, 'view', '2025-06-03 08:41:00'),
  (446, 26, 'add_to_cart', '2025-12-10 21:25:00'),
  (447, 31, 'add_to_cart', '2025-10-06 22:58:00'),
  (448, 9, 'purchase', '2025-09-15 03:41:00'),
  (449, 20, 'view', '2025-08-19 10:05:00'),
  (450, 34, 'purchase', '2025-07-11 15:15:00'),
  (451, 37, 'view', '2025-06-28 21:25:00'),
  (452, 3, 'add_to_cart', '2025-11-10 07:29:00'),
  (453, 4, 'view', '2025-05-13 23:34:00'),
  (454, 40, 'add_to_cart', '2025-07-17 15:10:00'),
  (455, 14, 'add_to_cart', '2025-12-26 09:27:00'),
  (456, 23, 'view', '2025-10-15 22:31:00'),
  (457, 21, 'view', '2025-05-07 06:58:00'),
  (458, 1, 'view', '2025-12-08 17:25:00'),
  (459, 20, 'add_to_cart', '2025-05-16 22:10:00'),
  (460, 16, 'view', '2025-12-25 20:43:00'),
  (461, 1, 'view', '2025-09-14 00:46:00'),
  (462, 22, 'purchase', '2025-04-17 11:14:00'),
  (463, 37, 'add_to_cart', '2025-06-21 05:15:00'),
  (464, 30, 'view', '2025-01-04 13:39:00'),
  (465, 7, 'add_to_cart', '2025-01-26 20:59:00'),
  (466, 14, 'view', '2025-08-25 17:30:00'),
  (467, 32, 'purchase', '2025-04-11 04:06:00'),
  (468, 10, 'add_to_cart', '2025-10-04 03:18:00'),
  (469, 19, 'view', '2025-12-08 13:20:00'),
  (470, 20, 'add_to_cart', '2025-02-19 23:10:00'),
  (471, 23, 'add_to_cart', '2025-11-07 16:31:00'),
  (472, 26, 'add_to_cart', '2025-03-26 12:21:00'),
  (473, 32, 'add_to_cart', '2025-10-04 18:49:00'),
  (474, 8, 'view', '2025-02-13 10:22:00'),
  (475, 3, 'add_to_cart', '2025-05-28 12:45:00'),
  (476, 8, 'view', '2025-11-24 23:07:00'),
  (477, 3, 'purchase', '2025-05-07 10:32:00'),
  (478, 3, 'add_to_cart', '2025-03-18 21:42:00'),
  (479, 15, 'view', '2025-08-19 03:40:00'),
  (480, 31, 'purchase', '2025-02-02 03:45:00'),
  (481, 2, 'view', '2025-06-07 18:45:00'),
  (482, 26, 'add_to_cart', '2025-05-21 13:14:00'),
  (483, 38, 'purchase', '2025-01-01 16:56:00'),
  (484, 5, 'view', '2025-01-25 20:23:00'),
  (485, 34, 'add_to_cart', '2025-10-15 03:50:00'),
  (486, 3, 'add_to_cart', '2025-10-08 23:27:00'),
  (487, 16, 'purchase', '2025-05-05 16:43:00'),
  (488, 39, 'view', '2025-12-17 17:09:00'),
  (489, 20, 'purchase', '2025-06-13 22:41:00'),
  (490, 15, 'view', '2025-08-01 03:42:00'),
  (491, 9, 'purchase', '2025-09-28 01:59:00'),
  (492, 20, 'add_to_cart', '2025-08-26 06:32:00'),
  (493, 36, 'add_to_cart', '2025-01-05 11:56:00'),
  (494, 34, 'purchase', '2025-07-20 01:13:00'),
  (495, 6, 'add_to_cart', '2025-08-18 00:54:00'),
  (496, 17, 'view', '2025-01-04 00:17:00'),
  (497, 30, 'view', '2025-04-24 00:43:00'),
  (498, 40, 'add_to_cart', '2025-02-09 18:43:00'),
  (499, 2, 'view', '2025-12-08 07:12:00'),
  (500, 34, 'view', '2025-02-23 11:01:00'),
  (501, 29, 'view', '2025-09-10 09:33:00'),
  (502, 4, 'add_to_cart', '2025-02-04 22:11:00'),
  (503, 3, 'view', '2025-11-04 08:21:00'),
  (504, 17, 'view', '2025-05-12 09:29:00'),
  (505, 13, 'purchase', '2025-10-09 20:27:00'),
  (506, 10, 'view', '2025-01-17 22:59:00'),
  (507, 32, 'view', '2025-05-07 00:55:00'),
  (508, 37, 'add_to_cart', '2025-07-17 09:28:00'),
  (509, 13, 'purchase', '2025-05-20 09:49:00'),
  (510, 25, 'purchase', '2025-07-16 15:49:00'),
  (511, 40, 'view', '2025-01-13 02:15:00'),
  (512, 32, 'purchase', '2025-05-03 20:40:00'),
  (513, 19, 'view', '2025-03-03 12:16:00'),
  (514, 35, 'purchase', '2025-05-04 00:13:00'),
  (515, 16, 'view', '2025-03-24 22:27:00'),
  (516, 28, 'add_to_cart', '2025-03-17 00:02:00'),
  (517, 14, 'purchase', '2025-11-23 12:47:00'),
  (518, 38, 'view', '2025-06-04 00:41:00'),
  (519, 14, 'view', '2025-05-06 02:10:00'),
  (520, 18, 'view', '2025-04-28 11:55:00'),
  (521, 14, 'add_to_cart', '2025-12-15 13:09:00'),
  (522, 3, 'view', '2025-05-02 14:58:00'),
  (523, 17, 'add_to_cart', '2025-03-21 16:46:00'),
  (524, 7, 'view', '2025-11-02 21:43:00'),
  (525, 8, 'view', '2025-04-05 22:08:00'),
  (526, 37, 'view', '2025-10-13 01:16:00'),
  (527, 22, 'view', '2025-09-06 07:50:00'),
  (528, 25, 'view', '2025-04-25 19:18:00'),
  (529, 13, 'view', '2025-09-20 14:51:00'),
  (530, 22, 'view', '2025-03-05 09:54:00'),
  (531, 2, 'add_to_cart', '2025-10-01 10:00:00'),
  (532, 33, 'view', '2025-06-08 10:44:00'),
  (533, 34, 'view', '2025-07-02 00:38:00'),
  (534, 5, 'purchase', '2025-10-01 14:08:00'),
  (535, 40, 'view', '2025-09-12 17:53:00'),
  (536, 28, 'view', '2025-10-05 13:17:00'),
  (537, 17, 'view', '2025-04-04 14:43:00'),
  (538, 16, 'add_to_cart', '2025-08-17 03:07:00'),
  (539, 11, 'view', '2025-06-16 01:21:00'),
  (540, 8, 'purchase', '2025-01-13 15:27:00'),
  (541, 16, 'add_to_cart', '2025-12-20 21:39:00'),
  (542, 17, 'view', '2025-11-26 03:54:00'),
  (543, 40, 'view', '2025-04-10 02:36:00'),
  (544, 16, 'add_to_cart', '2025-07-10 22:46:00'),
  (545, 14, 'view', '2025-03-13 01:01:00'),
  (546, 38, 'add_to_cart', '2025-08-01 02:41:00'),
  (547, 37, 'add_to_cart', '2025-12-10 13:42:00'),
  (548, 6, 'purchase', '2025-04-08 08:35:00'),
  (549, 40, 'add_to_cart', '2025-10-27 06:56:00'),
  (550, 21, 'view', '2025-09-09 02:10:00'),
  (551, 22, 'purchase', '2025-10-08 08:12:00'),
  (552, 29, 'add_to_cart', '2025-06-07 18:12:00'),
  (553, 36, 'purchase', '2025-02-14 17:51:00'),
  (554, 16, 'view', '2025-03-03 08:58:00'),
  (555, 13, 'view', '2025-08-13 02:10:00'),
  (556, 18, 'add_to_cart', '2025-03-13 20:14:00'),
  (557, 12, 'add_to_cart', '2025-11-15 06:46:00'),
  (558, 13, 'purchase', '2025-08-25 04:56:00'),
  (559, 5, 'purchase', '2025-06-22 05:31:00'),
  (560, 7, 'add_to_cart', '2025-05-19 05:52:00'),
  (561, 22, 'view', '2025-08-26 21:00:00'),
  (562, 23, 'view', '2025-10-04 06:44:00'),
  (563, 33, 'view', '2025-11-09 08:08:00'),
  (564, 18, 'view', '2025-05-12 07:05:00'),
  (565, 16, 'view', '2025-01-19 04:28:00'),
  (566, 39, 'view', '2025-06-06 10:43:00'),
  (567, 19, 'add_to_cart', '2025-07-14 06:13:00'),
  (568, 25, 'add_to_cart', '2025-10-14 02:55:00'),
  (569, 33, 'view', '2025-06-27 05:55:00'),
  (570, 1, 'add_to_cart', '2025-07-15 19:23:00'),
  (571, 10, 'view', '2025-11-17 19:43:00'),
  (572, 1, 'view', '2025-07-04 04:47:00'),
  (573, 1, 'view', '2025-01-16 20:46:00'),
  (574, 22, 'add_to_cart', '2025-04-19 00:58:00'),
  (575, 25, 'purchase', '2025-04-27 23:02:00'),
  (576, 17, 'purchase', '2025-03-28 06:59:00'),
  (577, 1, 'view', '2025-03-21 23:54:00'),
  (578, 10, 'view', '2025-06-14 17:40:00'),
  (579, 6, 'add_to_cart', '2025-12-05 20:28:00'),
  (580, 10, 'add_to_cart', '2025-02-01 23:25:00'),
  (581, 21, 'add_to_cart', '2025-04-08 18:47:00'),
  (582, 2, 'add_to_cart', '2025-08-07 00:46:00'),
  (583, 6, 'view', '2025-01-07 17:42:00'),
  (584, 37, 'view', '2025-06-26 21:37:00'),
  (585, 11, 'view', '2025-04-16 20:10:00'),
  (586, 22, 'add_to_cart', '2025-12-09 01:35:00'),
  (587, 30, 'view', '2025-04-14 23:50:00'),
  (588, 3, 'purchase', '2025-03-16 07:48:00'),
  (589, 17, 'add_to_cart', '2025-11-09 08:53:00'),
  (590, 39, 'view', '2025-02-11 21:11:00'),
  (591, 31, 'add_to_cart', '2025-03-19 00:57:00'),
  (592, 7, 'view', '2025-04-03 13:22:00'),
  (593, 9, 'add_to_cart', '2025-01-09 16:35:00'),
  (594, 8, 'view', '2025-03-23 02:40:00'),
  (595, 17, 'add_to_cart', '2025-05-05 07:40:00'),
  (596, 11, 'purchase', '2025-12-28 18:34:00'),
  (597, 6, 'add_to_cart', '2025-05-16 20:05:00'),
  (598, 30, 'view', '2025-07-28 00:09:00'),
  (599, 24, 'purchase', '2025-08-26 01:38:00'),
  (600, 33, 'view', '2025-07-28 07:53:00');

